population,n_yes,n_no,median_yes,median_no,effect_size,p_value,p_adj,significant
cd4_t_cell,993,975,30.22056448672133,29.65760700451731,0.06442740207090661,0.013344218813937624,0.06672109406968812,False
b_cell,993,975,9.432277716506485,9.788394525529014,-0.049818472900043896,0.055702309738266245,0.1392557743456656,False
nk_cell,993,975,14.509281611587447,14.799142593764925,-0.04036770211996798,0.1210507982042857,0.20175133034047618,False
monocyte,993,975,19.609697542876887,19.942332781511407,-0.03631058434683812,0.16315013268752876,0.20393766585941095,False
cd8_t_cell,993,975,24.728022127013396,24.603067146867414,-0.012211635293206291,0.6390858847346418,0.6390858847346418,False
